{"cameraMode":{"drawMode":0,"name":"Shaded","section":"Shading Mode"},"sceneLighting":true,"audioPlay":false,"sceneViewState":{"showFog":true,"showMaterialUpdate":false,"showSkybox":true,"showFlares":true,"showImageEffects":true,"showParticleSystems":true},"in2DMode":false,"pivot":{"x":-0.07823869585990906,"y":-2.0983176231384279,"z":6.243636131286621},"rotation":{"x":0.1828637421131134,"y":-0.002948701148852706,"z":0.0005487041198648512,"w":0.9831337332725525},"size":10.100318908691407,"orthographic":false}