{"cameraMode":{"drawMode":0,"name":"Shaded","section":"Shading Mode"},"sceneLighting":false,"audioPlay":false,"sceneViewState":{"showFog":true,"showMaterialUpdate":true,"showSkybox":false,"showFlares":true,"showImageEffects":true,"showParticleSystems":true},"in2DMode":false,"pivot":{"x":-57.34000015258789,"y":1.340000033378601,"z":59.029998779296878},"rotation":{"x":0.18785366415977479,"y":-0.7447777986526489,"z":0.23486115038394929,"w":0.5956990718841553},"size":7.436557769775391,"orthographic":false}