{"cameraMode":{"drawMode":0,"name":"Shaded","section":"Shading Mode"},"sceneLighting":true,"audioPlay":false,"sceneViewState":{"showFog":true,"showMaterialUpdate":true,"showSkybox":true,"showFlares":true,"showImageEffects":true,"showParticleSystems":true},"in2DMode":false,"pivot":{"x":0.22749844193458558,"y":-7.018657207489014,"z":15.345358848571778},"rotation":{"x":-0.2283715307712555,"y":0.007337523158639669,"z":-0.001720727770589292,"w":-0.9735448956489563},"size":22.442358016967775,"orthographic":false}