{"cameraMode":{"drawMode":0,"name":"Shaded","section":"Shading Mode"},"sceneLighting":false,"audioPlay":false,"sceneViewState":{"showFog":true,"showMaterialUpdate":true,"showSkybox":false,"showFlares":true,"showImageEffects":true,"showParticleSystems":true},"in2DMode":false,"pivot":{"x":-0.014285087585449219,"y":1.875,"z":0.00411224365234375},"rotation":{"x":0.21091115474700929,"y":0.2235114872455597,"z":-0.049605872482061389,"w":0.9503149390220642},"size":12.032638549804688,"orthographic":false}