{"cameraMode":{"drawMode":0,"name":"Shaded","section":"Shading Mode"},"sceneLighting":true,"audioPlay":false,"sceneViewState":{"showFog":true,"showMaterialUpdate":true,"showSkybox":true,"showFlares":true,"showImageEffects":true,"showParticleSystems":true},"in2DMode":false,"pivot":{"x":0.2607772946357727,"y":2.2079758644104006,"z":3.6393375396728517},"rotation":{"x":-0.002727673389017582,"y":0.9936666488647461,"z":-0.10957805067300797,"w":-0.0247359536588192},"size":0.3866075575351715,"orthographic":false}